{"cameraMode":{"drawMode":0,"name":"Shaded","section":"Shading Mode"},"sceneLighting":true,"audioPlay":false,"sceneViewState":{"m_AlwaysRefresh":false,"showFog":true,"showSkybox":true,"showFlares":true,"showImageEffects":true,"showParticleSystems":true,"showVisualEffectGraphs":true,"m_FxEnabled":true},"in2DMode":false,"pivot":{"x":569.6575317382813,"y":29.679706573486329,"z":-70.27044677734375},"rotation":{"x":0.09466465562582016,"y":0.010762684978544712,"z":-0.0010264088632538915,"w":0.9954798817634583},"size":25.28898048400879,"orthographic":false}